{
  "raw": {
    "header": {
      "cloc_url": "github.com/AlDanial/cloc",
      "cloc_version": "2.06",
      "elapsed_seconds": 0.0935139656066895,
      "n_files": 51,
      "n_lines": 4832,
      "files_per_second": 545.373085924951,
      "lines_per_second": 51671.4264939091
    },
    "TypeScript": {
      "nFiles": 48,
      "blank": 370,
      "comment": 409,
      "code": 3840
    },
    "CSS": {
      "nFiles": 3,
      "blank": 25,
      "comment": 10,
      "code": 178
    },
    "SUM": {
      "blank": 395,
      "comment": 419,
      "code": 4018,
      "nFiles": 51
    }
  },
  "summary": {
    "total": {
      "blank": 395,
      "comment": 419,
      "code": 4018,
      "nFiles": 51
    },
    "languages": [
      {
        "language": "TypeScript",
        "files": 48,
        "code": 3840,
        "comment": 409,
        "blank": 370
      },
      {
        "language": "CSS",
        "files": 3,
        "code": 178,
        "comment": 10,
        "blank": 25
      }
    ]
  }
}