{
  "raw": {
    "header": {
      "cloc_url": "github.com/AlDanial/cloc",
      "cloc_version": "2.06",
      "elapsed_seconds": 0.357464075088501,
      "n_files": 583,
      "n_lines": 57547,
      "files_per_second": 1630.93312203656,
      "lines_per_second": 160986.806816188
    },
    "C++": {
      "nFiles": 283,
      "blank": 6291,
      "comment": 3022,
      "code": 27772
    },
    "C/C++ Header": {
      "nFiles": 293,
      "blank": 4262,
      "comment": 3801,
      "code": 10523
    },
    "XML (Qt/GTK)": {
      "nFiles": 6,
      "blank": 0,
      "comment": 0,
      "code": 1611
    },
    "CMake": {
      "nFiles": 1,
      "blank": 37,
      "comment": 55,
      "code": 173
    },
    "SUM": {
      "blank": 10590,
      "comment": 6878,
      "code": 40079,
      "nFiles": 583
    }
  },
  "summary": {
    "total": {
      "blank": 10590,
      "comment": 6878,
      "code": 40079,
      "nFiles": 583
    },
    "languages": [
      {
        "language": "C++",
        "files": 283,
        "code": 27772,
        "comment": 3022,
        "blank": 6291
      },
      {
        "language": "C/C++ Header",
        "files": 293,
        "code": 10523,
        "comment": 3801,
        "blank": 4262
      },
      {
        "language": "XML (Qt/GTK)",
        "files": 6,
        "code": 1611,
        "comment": 0,
        "blank": 0
      },
      {
        "language": "CMake",
        "files": 1,
        "code": 173,
        "comment": 55,
        "blank": 37
      }
    ]
  }
}