{
  "C++": "<skill>C++</skill>",
  "C/C++ Header": "<skill>C++</skill>",
  "CMake": "<skill>CMake</skill>",
  "XML (Qt/GTK)": "<skill>Qt</skill> (xml)",
  "TypeScript": "<skill>TypeScript</skill>",
  "JavaScript": "<skill>TypeScript</skill>",
  "CSS": "<skill>CSS</skill>",
  "XAML": "<skill>WPF</skill>(XAML)",
  "C#": "<skill>C#</skill>",
  "Python": "<skill>Python</skill>",
  "Java": "<skill>Java</skill>",
  "DOS Batch": "<skill>Batch</skill>",
  "Bourne Shell": "<skill>Shell</skill>",
  "FXML": "<skill>JavaFX</skill>(FXML)"
}
