{
  "exclude": ["native", "jars", "obj", "bin", "build", "dist", "node_modules", "__pycache__", "\\.DS_Store", "\\.git", "\\.venv", ".venv"],
  "exclude_extensions": ["proj", "targets", "props", "tasks", "csproj", "xml", "XML", "plist", "builds", "ccproj", "xsd", "html", "js", "png", "svg", "rtf", "rst", "doc", "docx", "json", "AsciiDoc", "md", "adoc", "txt"],
  "projects": [
    {
      "src": "/absolute/path/to/your/source",
      "cv_project": "ExampleProject1",
      "exclude": [".*/bin", ".*/obj"]
    },
    {
      "src": "/absolute/path/to/your/source",
      "cv_project": "ExampleProject2",
      "exclude": [".*/Properties",".*/Resources", ".*/Platforms"]
    }
  ]
}
