{
  "projects": [
    {
      "id": "example-project-1",
      "title": "Example Project 1",
      "description": "Short one‑line summary of what this project 1 does.",
      "link": "/projects/example-project-1",
      "markdownUrl": "src/data/projects/ExampleProject1/README.md",
      "skills": ["C++", "Qt"],
      "preview_start": 0,
      "date": "2025"
    },
    {
      "id": "example-project-2",
      "title": "Example Project 2",
      "description": "Short one‑line summary of what this project 2 does.",
      "link": "/projects/example-project-2",
      "markdownUrl": "src/data/projects/ExampleProject2/README.md",
      "skills": ["TypeScript", "React", "Tailwind CSS"],
      "date_from": "01/2020",
      "preview_start": 1,
      "date_to": "05/2023"
    }
  ]
}