{
  "profile": {
    "name": "Your Full Name",
    "title": "Your Professional Title (e.g., Senior Full‑Stack Software Developer)",
    "email": "your.email@example.com",
    "phone": "your phone number (optional)",
    "skills": {
      "Front-End": ["React", "TypeScript"],
      "Backend": ["C++", "Your Backend Skill B"],
      "Mobile": ["Your Mobile Skill (optional)"],
      "Databases": ["Your DB Skill A", "Your DB Skill B"],
      "DevOps": ["Your DevOps Tool A", "Your DevOps Tool B"],
      "Project Management": ["Your PM Tool A", "Your PM Tool B"]
    }
  },
  "work": [
    {
      "startYear": "MM.YYYY",
      "endYear": "Today",
      "position": "Your Job Title",
      "company": "[Your Company Name](https://your-company-website.example)",
      "type": "Full-time",
      "company_image": "placeholder_company_2.jpg",
      "bullets": [
        "Lead or contributed to <skill>Key Area/Project</skill> delivering measurable outcomes.",
        "Built and maintained services/apps using <skill>Your Tech Stack</skill>.",
        "Improved performance/UX/quality by implementing <skill>Notable Technique</skill>."
      ]
    },
    {
      "startYear": "MM.YYYY",
      "endYear": "MM.YYYY",
      "position": "Your Previous Job Title",
      "company": "[Previous Company](https://previous-company.example)",
      "type": "Full-time",
      "company_image": "placeholder_company_1.jpg",
      "bullets": [
        "Collaborated with a team of N to ship features on schedule.",
        "Owned modules/components in <skill>Your Area</skill> and ensured reliability.",
        "Set up/maintained <skill>CI/CD</skill> and improved developer productivity."
      ]
    }
  ],
  "education": [
    {
      "startYear": "YYYY",
      "endYear": "YYYY",
      "position": "[Your Degree](https://your-university-program.example)",
      "company": "[Your University](https://your-university.example)",
      "company_image": "placeholder_uni_2.jpg",
      "bullets": [
        "Relevant coursework or focus areas.",
        "Capstone/thesis topic (optional).",
        "Clubs/competitions or notable achievements."
      ]
    },
    {
      "startYear": "YYYY",
      "endYear": "YYYY",
      "position": "[Your Degree](https://your-university-program.example)",
      "company": "[Your University](https://your-university.example)",
      "company_image": "placeholder_uni_1.jpg",
      "bullets": [
        "Relevant coursework or focus areas.",
        "Capstone/thesis topic (optional).",
        "Clubs/competitions or notable achievements."
      ]
    }
  ]
}
